{
    "parent": "item/generated",
    "textures": {
        "layer0": "item/potion_overlay",
        "layer1": "item/lingering_potion"
    },
    "overrides": [
        { "predicate": {"custom_model_data": 1}, "model": "item/speedbuf"},
        { "predicate": {"custom_model_data": 2}, "model": "item/seeker"},
        { "predicate": {"custom_model_data": 3}, "model": "item/escape"},
        { "predicate": {"custom_model_data": 4}, "model": "item/light"},
        { "predicate": {"custom_model_data": 5}, "model": "item/light1"},
        { "predicate": {"custom_model_data": 6}, "model": "item/light2"},
        { "predicate": {"custom_model_data": 7}, "model": "item/ice"},
        { "predicate": {"custom_model_data": 8}, "model": "item/smoke"},
        { "predicate": {"custom_model_data": 9}, "model": "item/sencer"},
        { "predicate": {"custom_model_data": 10}, "model": "item/search"},
        { "predicate": {"custom_model_data": 11}, "model": "item/light3"}
    ]
}
