{
    "parent": "item/generated",
    "textures": {
        "layer0": "item/red_dye"
    },
    "overrides": [
        { "predicate": {"custom_model_data": 1}, "model": "item/flan"},
        { "predicate": {"custom_model_data": 2}, "model": "item/neko"},
        { "predicate": {"custom_model_data": 3}, "model": "item/chirno"},
        { "predicate": {"custom_model_data": 4}, "model": "item/remy"},
        { "predicate": {"custom_model_data": 5}, "model": "item/rumia"},
        { "predicate": {"custom_model_data": 6}, "model": "item/reimu"},
        { "predicate": {"custom_model_data": 7}, "model": "item/yui"},
        { "predicate": {"custom_model_data": 8}, "model": "item/kuroyuki"},
        { "predicate": {"custom_model_data": 9}, "model": "item/yukino"},
        { "predicate": {"custom_model_data": 10}, "model": "item/ayo"},
        { "predicate": {"custom_model_data": 11}, "model": "item/remu"},
        { "predicate": {"custom_model_data": 12}, "model": "item/hokusai"},
        { "predicate": {"custom_model_data": 13}, "model": "item/satori"},
        { "predicate": {"custom_model_data": 14}, "model": "item/ramu"},
        { "predicate": {"custom_model_data": 15}, "model": "item/ayapo"},
        { "predicate": {"custom_model_data": 16}, "model": "item/emiria"},
        { "predicate": {"custom_model_data": 17}, "model": "item/koishi"},
        { "predicate": {"custom_model_data": 18}, "model": "item/marisa"}
    ]
}
